{"cameraMode":{"drawMode":0,"name":"Shaded","section":"Shading Mode"},"sceneLighting":false,"audioPlay":false,"sceneViewState":{"m_AlwaysRefresh":false,"showFog":false,"showSkybox":false,"showFlares":false,"showImageEffects":false,"showParticleSystems":false,"showVisualEffectGraphs":true,"m_FxEnabled":true},"in2DMode":false,"pivot":{"x":-2.384185791015625e-7,"y":0.9189366102218628,"z":-0.025182262063026429},"rotation":{"x":0.14466717839241029,"y":0.659823477268219,"z":-0.13156189024448396,"w":0.7255436182022095},"size":1.4186952114105225,"orthographic":false}