{"cameraMode":{"drawMode":0,"name":"Shaded","section":"Shading Mode"},"sceneLighting":false,"audioPlay":false,"sceneViewState":{"m_AlwaysRefresh":false,"showFog":false,"showSkybox":false,"showFlares":false,"showImageEffects":false,"showParticleSystems":false,"showVisualEffectGraphs":true,"m_FxEnabled":true},"in2DMode":false,"pivot":{"x":0.06946919858455658,"y":0.9370419979095459,"z":-0.369836688041687},"rotation":{"x":0.0007099079666659236,"y":0.9992212653160095,"z":-0.03329591453075409,"w":0.02128802239894867},"size":1.4653394222259522,"orthographic":false}